{
  "status": "success",
  "data": [
    {
      "id": 1,
      "name": "Обучение категории B",
      "description": "Полный курс обучения вождению автомобиля категории B",
      "price": 25000,
      "duration": "3 месяца",
      "features": [
        "Теоретические занятия",
        "Практические занятия",
        "Экзамен в ГИБДД",
        "Учебные материалы"
      ]
    },
    {
      "id": 2,
      "name": "Обучение категории A",
      "description": "Обучение вождению мотоцикла категории A",
      "price": 15000,
      "duration": "2 месяца",
      "features": [
        "Теоретические занятия",
        "Практические занятия",
        "Экзамен в ГИБДД"
      ]
    }
  ]
}