{
  "status": "success",
  "data": {
    "fullName": "Автошкола 'РУЛЬ+'",
    "shortName": "РУЛЬ+",
    "brandName": "РУЛЬ+",
    "slogan": "СЕЛ — ПОЕХАЛ!",
    "foundedDate": "2020",
    "legalAddress": "г. Назрань, ул. Московская, 1",
    "actualAddress": "г. Назрань, ул. Московская, 1",
    "phone": "+7 (928) 123-45-67",
    "email": "info@rulplus.ru",
    "website": "https://rulplus.ru",
    "founder": {
      "name": "Иванов Иван Иванович",
      "address": "г. Назрань, ул. Московская, 1",
      "phone": "+7 (928) 123-45-67",
      "email": "founder@rulplus.ru",
      "website": "https://rulplus.ru"
    },
    "management": {
      "director": {
        "name": "Петров Петр Петрович",
        "position": "Директор",
        "phone": "+7 (928) 123-45-67",
        "email": "director@rulplus.ru",
        "workSchedule": "Пн-Пт: 9:00-18:00",
        "receptionHours": "Пн-Пт: 9:00-18:00"
      }
    },
    "workSchedule": {
      "weekdays": "Пн-Пт: 9:00-18:00",
      "saturday": "Сб: 9:00-15:00",
      "sunday": "Вс: выходной",
      "holidays": "По расписанию"
    },
    "branches": [
      {
        "name": "Главный офис",
        "address": "г. Назрань, ул. Московская, 1",
        "phone": "+7 (928) 123-45-67",
        "slogan": "СЕЛ — ПОЕХАЛ!"
      }
    ],
    "description": "Профессиональное обучение вождению автомобиля. Получение водительских прав категорий A, B, C, D.",
    "mission": "Обеспечить качественное обучение вождению и подготовить безопасных водителей",
    "values": [
      "Качество обучения",
      "Безопасность",
      "Профессионализм",
      "Ответственность"
    ],
    "lastUpdated": "2024-01-15"
  }
}